<?xml version="1.0" encoding="UTF-8"?>
<project-private xmlns="http://www.netbeans.org/ns/project-private/1">
    <editor-bookmarks xmlns="http://www.netbeans.org/ns/editor-bookmarks/2" lastBookmarkId="0"/>
    <open-files xmlns="http://www.netbeans.org/ns/projectui-open-files/2">
        <group>
            <file>file:/E:/_POS1/3AHIF/Bsp_200_Anlagenverzeichnis/Anlagenverzeichnis/src/data/AnlagenEnum.java</file>
            <file>file:/E:/_POS1/3AHIF/Bsp_200_Anlagenverzeichnis/Anlagenverzeichnis/src/model/AnlagenModel.java</file>
            <file>file:/E:/_POS1/3AHIF/Bsp_200_Anlagenverzeichnis/Anlagenverzeichnis/src/gui/AnlagenGUI.java</file>
            <file>file:/E:/_POS1/3AHIF/Bsp_200_Anlagenverzeichnis/Anlagenverzeichnis/src/data/AnlagenBL.java</file>
        </group>
    </open-files>
</project-private>
